"Nickel, Manganese & Niobium 4"
"Current date: 04/23/2026 3:18 PM (Eastern Daylight Time)"
"Commodity","Country","Time","Customs Value (Gen) ($US)",
"2602 Manganese Ores A Concntrts Inc Ferr Mangn Iron Ore","Argentina","April 2013","120,000"
"2602 Manganese Ores A Concntrts Inc Ferr Mangn Iron Ore","Brazil","February 2010","1,228,279"
"2602 Manganese Ores A Concntrts Inc Ferr Mangn Iron Ore","Brazil","August 2010","1,293,675"
"2602 Manganese Ores A Concntrts Inc Ferr Mangn Iron Ore","Brazil","January 2011","1,142,773"
"2602 Manganese Ores A Concntrts Inc Ferr Mangn Iron Ore","Brazil","May 2011","86,840"
"2602 Manganese Ores A Concntrts Inc Ferr Mangn Iron Ore","Brazil","June 2011","964,901"
"2602 Manganese Ores A Concntrts Inc Ferr Mangn Iron Ore","Brazil","August 2011","2,539"
"2602 Manganese Ores A Concntrts Inc Ferr Mangn Iron Ore","Brazil","October 2011","18,547"
"2602 Manganese Ores A Concntrts Inc Ferr Mangn Iron Ore","Brazil","November 2011","37,645"
"2602 Manganese Ores A Concntrts Inc Ferr Mangn Iron Ore","Brazil","December 2011","1,272,880"
"2602 Manganese Ores A Concntrts Inc Ferr Mangn Iron Ore","Brazil","February 2012","687,216"
"2602 Manganese Ores A Concntrts Inc Ferr Mangn Iron Ore","Brazil","April 2012","842,475"
"2602 Manganese Ores A Concntrts Inc Ferr Mangn Iron Ore","Brazil","June 2012","120,900"
"2602 Manganese Ores A Concntrts Inc Ferr Mangn Iron Ore","Brazil","August 2012","40,500"
"2602 Manganese Ores A Concntrts Inc Ferr Mangn Iron Ore","Brazil","September 2012","17,840"
"2602 Manganese Ores A Concntrts Inc Ferr Mangn Iron Ore","Brazil","November 2012","1,410,801"
"2602 Manganese Ores A Concntrts Inc Ferr Mangn Iron Ore","Brazil","January 2013","42,358"
"2602 Manganese Ores A Concntrts Inc Ferr Mangn Iron Ore","Brazil","March 2013","1,378,583"
"2602 Manganese Ores A Concntrts Inc Ferr Mangn Iron Ore","Brazil","April 2013","20,450"
"2602 Manganese Ores A Concntrts Inc Ferr Mangn Iron Ore","Brazil","May 2013","19,790"
"2602 Manganese Ores A Concntrts Inc Ferr Mangn Iron Ore","Brazil","June 2013","21,730"
"2602 Manganese Ores A Concntrts Inc Ferr Mangn Iron Ore","Brazil","August 2013","1,648,316"
"2602 Manganese Ores A Concntrts Inc Ferr Mangn Iron Ore","Brazil","September 2013","23,473"
"2602 Manganese Ores A Concntrts Inc Ferr Mangn Iron Ore","Brazil","November 2013","83,878"
"2602 Manganese Ores A Concntrts Inc Ferr Mangn Iron Ore","Brazil","December 2013","23,685"
"2602 Manganese Ores A Concntrts Inc Ferr Mangn Iron Ore","Brazil","January 2014","1,242,502"
"2602 Manganese Ores A Concntrts Inc Ferr Mangn Iron Ore","Brazil","May 2014","34,600"
"2602 Manganese Ores A Concntrts Inc Ferr Mangn Iron Ore","Brazil","June 2014","22,604"
"2602 Manganese Ores A Concntrts Inc Ferr Mangn Iron Ore","Brazil","July 2014","18,980"
"2602 Manganese Ores A Concntrts Inc Ferr Mangn Iron Ore","Brazil","August 2014","22,517"
"2602 Manganese Ores A Concntrts Inc Ferr Mangn Iron Ore","Brazil","October 2014","23,139"
"2602 Manganese Ores A Concntrts Inc Ferr Mangn Iron Ore","Brazil","December 2014","22,236"
"2602 Manganese Ores A Concntrts Inc Ferr Mangn Iron Ore","Brazil","January 2015","22,853"
"2602 Manganese Ores A Concntrts Inc Ferr Mangn Iron Ore","Brazil","March 2015","1,069,431"
"2602 Manganese Ores A Concntrts Inc Ferr Mangn Iron Ore","Brazil","April 2015","22,961"
"2602 Manganese Ores A Concntrts Inc Ferr Mangn Iron Ore","Brazil","May 2015","21,381"
"2602 Manganese Ores A Concntrts Inc Ferr Mangn Iron Ore","Brazil","June 2015","24,589"
"2602 Manganese Ores A Concntrts Inc Ferr Mangn Iron Ore","Brazil","September 2015","23,453"
"2602 Manganese Ores A Concntrts Inc Ferr Mangn Iron Ore","Brazil","October 2015","25,202"
"2602 Manganese Ores A Concntrts Inc Ferr Mangn Iron Ore","Brazil","November 2015","1,120,931"
"2602 Manganese Ores A Concntrts Inc Ferr Mangn Iron Ore","Brazil","December 2015","19,995"
"2602 Manganese Ores A Concntrts Inc Ferr Mangn Iron Ore","Brazil","January 2016","25,205"
"2602 Manganese Ores A Concntrts Inc Ferr Mangn Iron Ore","Brazil","March 2016","22,094"
"2602 Manganese Ores A Concntrts Inc Ferr Mangn Iron Ore","Brazil","April 2016","23,213"
"2602 Manganese Ores A Concntrts Inc Ferr Mangn Iron Ore","Brazil","June 2016","21,724"
"2602 Manganese Ores A Concntrts Inc Ferr Mangn Iron Ore","Brazil","July 2016","59,400"
"2602 Manganese Ores A Concntrts Inc Ferr Mangn Iron Ore","Brazil","August 2016","23,644"
"2602 Manganese Ores A Concntrts Inc Ferr Mangn Iron Ore","Brazil","September 2016","23,898"
"2602 Manganese Ores A Concntrts Inc Ferr Mangn Iron Ore","Brazil","November 2016","76,774"
"2602 Manganese Ores A Concntrts Inc Ferr Mangn Iron Ore","Brazil","January 2017","20,200"
"2602 Manganese Ores A Concntrts Inc Ferr Mangn Iron Ore","Brazil","February 2017","75,546"
"2602 Manganese Ores A Concntrts Inc Ferr Mangn Iron Ore","Brazil","April 2017","36,247"
"2602 Manganese Ores A Concntrts Inc Ferr Mangn Iron Ore","Brazil","May 2017","36,697"
"2602 Manganese Ores A Concntrts Inc Ferr Mangn Iron Ore","Brazil","June 2017","132,048"
"2602 Manganese Ores A Concntrts Inc Ferr Mangn Iron Ore","Brazil","July 2017","37,152"
"2602 Manganese Ores A Concntrts Inc Ferr Mangn Iron Ore","Brazil","September 2017","36,652"
"2602 Manganese Ores A Concntrts Inc Ferr Mangn Iron Ore","Brazil","November 2017","37,164"
"2602 Manganese Ores A Concntrts Inc Ferr Mangn Iron Ore","Brazil","January 2018","47,992"
"2602 Manganese Ores A Concntrts Inc Ferr Mangn Iron Ore","Brazil","March 2018","33,923"
"2602 Manganese Ores A Concntrts Inc Ferr Mangn Iron Ore","Brazil","May 2018","159,613"
"2602 Manganese Ores A Concntrts Inc Ferr Mangn Iron Ore","Brazil","June 2018","68,482"
"2602 Manganese Ores A Concntrts Inc Ferr Mangn Iron Ore","Brazil","July 2018","57,287"
"2602 Manganese Ores A Concntrts Inc Ferr Mangn Iron Ore","Brazil","August 2018","57,093"
"2602 Manganese Ores A Concntrts Inc Ferr Mangn Iron Ore","Brazil","September 2018","34,268"
"2602 Manganese Ores A Concntrts Inc Ferr Mangn Iron Ore","Brazil","October 2018","443,641"
"2602 Manganese Ores A Concntrts Inc Ferr Mangn Iron Ore","Brazil","November 2018","1,641,427"
"2602 Manganese Ores A Concntrts Inc Ferr Mangn Iron Ore","Brazil","January 2019","17,842"
"2602 Manganese Ores A Concntrts Inc Ferr Mangn Iron Ore","Brazil","February 2019","17,722"
"2602 Manganese Ores A Concntrts Inc Ferr Mangn Iron Ore","Brazil","March 2019","70,234"
"2602 Manganese Ores A Concntrts Inc Ferr Mangn Iron Ore","Brazil","April 2019","70,734"
"2602 Manganese Ores A Concntrts Inc Ferr Mangn Iron Ore","Brazil","June 2019","95,391"
"2602 Manganese Ores A Concntrts Inc Ferr Mangn Iron Ore","Brazil","July 2019","111,135"
"2602 Manganese Ores A Concntrts Inc Ferr Mangn Iron Ore","Brazil","August 2019","1,942,024"
"2602 Manganese Ores A Concntrts Inc Ferr Mangn Iron Ore","Brazil","September 2019","78,755"
"2602 Manganese Ores A Concntrts Inc Ferr Mangn Iron Ore","Brazil","October 2019","2,233,574"
"2602 Manganese Ores A Concntrts Inc Ferr Mangn Iron Ore","Brazil","March 2020","127,448"
"2602 Manganese Ores A Concntrts Inc Ferr Mangn Iron Ore","Brazil","April 2020","84,600"
"2602 Manganese Ores A Concntrts Inc Ferr Mangn Iron Ore","Brazil","May 2020","63,951"
"2602 Manganese Ores A Concntrts Inc Ferr Mangn Iron Ore","Brazil","June 2020","35,804"
"2602 Manganese Ores A Concntrts Inc Ferr Mangn Iron Ore","Brazil","November 2020","15,829"
"2602 Manganese Ores A Concntrts Inc Ferr Mangn Iron Ore","Brazil","June 2021","53,025"
"2602 Manganese Ores A Concntrts Inc Ferr Mangn Iron Ore","Brazil","August 2021","81,975"
"2602 Manganese Ores A Concntrts Inc Ferr Mangn Iron Ore","Brazil","May 2022","14,225"
"2602 Manganese Ores A Concntrts Inc Ferr Mangn Iron Ore","Brazil","July 2022","14,225"
"2602 Manganese Ores A Concntrts Inc Ferr Mangn Iron Ore","Brazil","August 2022","61,389"
"2602 Manganese Ores A Concntrts Inc Ferr Mangn Iron Ore","Brazil","November 2022","46,710"
"2602 Manganese Ores A Concntrts Inc Ferr Mangn Iron Ore","Brazil","January 2023","93,420"
"2602 Manganese Ores A Concntrts Inc Ferr Mangn Iron Ore","Brazil","February 2023","93,420"
"2602 Manganese Ores A Concntrts Inc Ferr Mangn Iron Ore","Brazil","May 2023","16,460"
"2602 Manganese Ores A Concntrts Inc Ferr Mangn Iron Ore","Brazil","September 2023","39,555"
"2602 Manganese Ores A Concntrts Inc Ferr Mangn Iron Ore","Brazil","March 2024","40,500"
"2602 Manganese Ores A Concntrts Inc Ferr Mangn Iron Ore","Brazil","April 2024","4,640"
"2602 Manganese Ores A Concntrts Inc Ferr Mangn Iron Ore","Brazil","November 2024","2,268"
"2602 Manganese Ores A Concntrts Inc Ferr Mangn Iron Ore","Brazil","January 2025","88,020"
"2602 Manganese Ores A Concntrts Inc Ferr Mangn Iron Ore","Brazil","March 2025","46,710"
"2602 Manganese Ores A Concntrts Inc Ferr Mangn Iron Ore","Brazil","June 2025","94,770"
"2602 Manganese Ores A Concntrts Inc Ferr Mangn Iron Ore","Brazil","July 2025","133,650"
"2602 Manganese Ores A Concntrts Inc Ferr Mangn Iron Ore","Brazil","September 2025","46,710"
"2602 Manganese Ores A Concntrts Inc Ferr Mangn Iron Ore","Brazil","December 2025","134,490"
"2602 Manganese Ores A Concntrts Inc Ferr Mangn Iron Ore","Colombia","June 2012","4,169"
"2604 Nickel Ores And Concentrates","Brazil","February 2015","8,693"
"2604 Nickel Ores And Concentrates","Brazil","May 2023","4,000"
"2604 Nickel Ores And Concentrates","Brazil","October 2023","122,293"
"2615 Niobium, Tantalum, Vanadium & Zirconium Ore & Conc","Bolivia","June 2011","45,378"
"2615 Niobium, Tantalum, Vanadium & Zirconium Ore & Conc","Bolivia","January 2012","253,667"
"2615 Niobium, Tantalum, Vanadium & Zirconium Ore & Conc","Bolivia","September 2012","168,984"
"2615 Niobium, Tantalum, Vanadium & Zirconium Ore & Conc","Bolivia","April 2013","307,524"
"2615 Niobium, Tantalum, Vanadium & Zirconium Ore & Conc","Bolivia","June 2013","294,857"
"2615 Niobium, Tantalum, Vanadium & Zirconium Ore & Conc","Bolivia","April 2015","4,913"
"2615 Niobium, Tantalum, Vanadium & Zirconium Ore & Conc","Brazil","July 2010","2,151,884"
"2615 Niobium, Tantalum, Vanadium & Zirconium Ore & Conc","Brazil","December 2011","2,741,693"
"2615 Niobium, Tantalum, Vanadium & Zirconium Ore & Conc","Brazil","June 2013","3,891,460"
"2615 Niobium, Tantalum, Vanadium & Zirconium Ore & Conc","Brazil","July 2013","1,345,270"
"2615 Niobium, Tantalum, Vanadium & Zirconium Ore & Conc","Brazil","August 2013","4,430,508"
"2615 Niobium, Tantalum, Vanadium & Zirconium Ore & Conc","Brazil","September 2013","4,722,147"
"2615 Niobium, Tantalum, Vanadium & Zirconium Ore & Conc","Brazil","October 2013","53,853"
"2615 Niobium, Tantalum, Vanadium & Zirconium Ore & Conc","Brazil","November 2013","9,396,274"
"2615 Niobium, Tantalum, Vanadium & Zirconium Ore & Conc","Brazil","December 2013","4,732,317"
"2615 Niobium, Tantalum, Vanadium & Zirconium Ore & Conc","Brazil","January 2014","2,064,855"
"2615 Niobium, Tantalum, Vanadium & Zirconium Ore & Conc","Brazil","February 2014","3,511,693"
"2615 Niobium, Tantalum, Vanadium & Zirconium Ore & Conc","Brazil","April 2014","4,501,180"
"2615 Niobium, Tantalum, Vanadium & Zirconium Ore & Conc","Brazil","May 2014","4,704,104"
"2615 Niobium, Tantalum, Vanadium & Zirconium Ore & Conc","Brazil","June 2014","4,030,834"
"2615 Niobium, Tantalum, Vanadium & Zirconium Ore & Conc","Brazil","July 2014","3,631,038"
"2615 Niobium, Tantalum, Vanadium & Zirconium Ore & Conc","Brazil","August 2014","5,598,458"
"2615 Niobium, Tantalum, Vanadium & Zirconium Ore & Conc","Brazil","September 2014","3,934,285"
"2615 Niobium, Tantalum, Vanadium & Zirconium Ore & Conc","Brazil","October 2014","3,875,347"
"2615 Niobium, Tantalum, Vanadium & Zirconium Ore & Conc","Brazil","November 2014","2,340,130"
"2615 Niobium, Tantalum, Vanadium & Zirconium Ore & Conc","Brazil","December 2014","6,740,406"
"2615 Niobium, Tantalum, Vanadium & Zirconium Ore & Conc","Brazil","January 2015","3,593,883"
"2615 Niobium, Tantalum, Vanadium & Zirconium Ore & Conc","Brazil","February 2015","1,532,597"
"2615 Niobium, Tantalum, Vanadium & Zirconium Ore & Conc","Brazil","March 2015","2,829,409"
"2615 Niobium, Tantalum, Vanadium & Zirconium Ore & Conc","Brazil","April 2015","2,566,152"
"2615 Niobium, Tantalum, Vanadium & Zirconium Ore & Conc","Brazil","September 2015","3,669,105"
"2615 Niobium, Tantalum, Vanadium & Zirconium Ore & Conc","Brazil","November 2015","2,909,641"
"2615 Niobium, Tantalum, Vanadium & Zirconium Ore & Conc","Brazil","December 2015","3,066,715"
"2615 Niobium, Tantalum, Vanadium & Zirconium Ore & Conc","Brazil","January 2016","1,284,734"
"2615 Niobium, Tantalum, Vanadium & Zirconium Ore & Conc","Brazil","February 2016","1,560,739"
"2615 Niobium, Tantalum, Vanadium & Zirconium Ore & Conc","Brazil","March 2016","1,578,894"
"2615 Niobium, Tantalum, Vanadium & Zirconium Ore & Conc","Brazil","April 2016","2,919,887"
"2615 Niobium, Tantalum, Vanadium & Zirconium Ore & Conc","Brazil","May 2016","1,496,055"
"2615 Niobium, Tantalum, Vanadium & Zirconium Ore & Conc","Brazil","June 2016","3,688,550"
"2615 Niobium, Tantalum, Vanadium & Zirconium Ore & Conc","Brazil","July 2016","1,820,862"
"2615 Niobium, Tantalum, Vanadium & Zirconium Ore & Conc","Brazil","August 2016","3,493,805"
"2615 Niobium, Tantalum, Vanadium & Zirconium Ore & Conc","Brazil","September 2016","1,725,027"
"2615 Niobium, Tantalum, Vanadium & Zirconium Ore & Conc","Brazil","October 2016","2,384,477"
"2615 Niobium, Tantalum, Vanadium & Zirconium Ore & Conc","Brazil","November 2016","782,420"
"2615 Niobium, Tantalum, Vanadium & Zirconium Ore & Conc","Brazil","December 2016","4,018,246"
"2615 Niobium, Tantalum, Vanadium & Zirconium Ore & Conc","Brazil","January 2017","1,655,118"
"2615 Niobium, Tantalum, Vanadium & Zirconium Ore & Conc","Brazil","February 2017","1,293,770"
"2615 Niobium, Tantalum, Vanadium & Zirconium Ore & Conc","Brazil","March 2017","814,596"
"2615 Niobium, Tantalum, Vanadium & Zirconium Ore & Conc","Brazil","August 2017","104,190"
"2615 Niobium, Tantalum, Vanadium & Zirconium Ore & Conc","Brazil","May 2019","11,303"
"2615 Niobium, Tantalum, Vanadium & Zirconium Ore & Conc","Brazil","June 2019","15,441"
"2615 Niobium, Tantalum, Vanadium & Zirconium Ore & Conc","Colombia","November 2012","75,715"
"2615 Niobium, Tantalum, Vanadium & Zirconium Ore & Conc","Colombia","December 2012","145,395"
"2615 Niobium, Tantalum, Vanadium & Zirconium Ore & Conc","Colombia","August 2014","5,500"
"2615 Niobium, Tantalum, Vanadium & Zirconium Ore & Conc","Colombia","July 2022","11,800"
"2615 Niobium, Tantalum, Vanadium & Zirconium Ore & Conc","Venezuela","January 2018","80,000"
"2615 Niobium, Tantalum, Vanadium & Zirconium Ore & Conc","Venezuela","February 2019","107,765"
"2615 Niobium, Tantalum, Vanadium & Zirconium Ore & Conc","Venezuela","April 2019","199,406"
"2615 Niobium, Tantalum, Vanadium & Zirconium Ore & Conc","Venezuela","May 2019","935,105"
"2820 Manganese Oxides","Bolivia","May 2014","14,456"
"2820 Manganese Oxides","Bolivia","January 2019","41,742"
"2820 Manganese Oxides","Brazil","January 2010","147,316"
"2820 Manganese Oxides","Brazil","February 2010","133,120"
"2820 Manganese Oxides","Brazil","March 2010","148,327"
"2820 Manganese Oxides","Brazil","April 2010","164,624"
"2820 Manganese Oxides","Brazil","May 2010","207,904"
"2820 Manganese Oxides","Brazil","June 2010","337,464"
"2820 Manganese Oxides","Brazil","July 2010","63,765"
"2820 Manganese Oxides","Brazil","September 2010","36,704"
"2820 Manganese Oxides","Brazil","November 2010","55,063"
"2820 Manganese Oxides","Brazil","December 2010","155,491"
"2820 Manganese Oxides","Brazil","January 2011","210,408"
"2820 Manganese Oxides","Brazil","February 2011","43,466"
"2820 Manganese Oxides","Brazil","March 2011","88,880"
"2820 Manganese Oxides","Brazil","April 2011","22,216"
"2820 Manganese Oxides","Brazil","May 2011","110,304"
"2820 Manganese Oxides","Brazil","June 2011","65,481"
"2820 Manganese Oxides","Brazil","July 2011","63,945"
"2820 Manganese Oxides","Brazil","August 2011","43,648"
"2820 Manganese Oxides","Brazil","September 2011","22,224"
"2820 Manganese Oxides","Brazil","October 2011","43,642"
"2820 Manganese Oxides","Brazil","November 2011","43,648"
"2820 Manganese Oxides","Brazil","December 2011","21,827"
"2820 Manganese Oxides","Brazil","January 2012","217,612"
"2820 Manganese Oxides","Brazil","February 2012","43,642"
"2820 Manganese Oxides","Brazil","March 2012","116,032"
"2820 Manganese Oxides","Brazil","April 2012","65,463"
"2820 Manganese Oxides","Brazil","May 2012","21,821"
"2820 Manganese Oxides","Brazil","June 2012","21,821"
"2820 Manganese Oxides","Brazil","July 2012","101,658"
"2820 Manganese Oxides","Brazil","August 2012","158,221"
"2820 Manganese Oxides","Brazil","September 2012","43,642"
"2820 Manganese Oxides","Brazil","October 2012","21,821"
"2820 Manganese Oxides","Brazil","November 2012","24,668"
"2820 Manganese Oxides","Brazil","December 2012","212,150"
"2820 Manganese Oxides","Brazil","January 2013","93,866"
"2820 Manganese Oxides","Brazil","February 2013","49,336"
"2820 Manganese Oxides","Brazil","March 2013","24,668"
"2820 Manganese Oxides","Brazil","April 2013","80,664"
"2820 Manganese Oxides","Brazil","June 2013","26,888"
"2820 Manganese Oxides","Brazil","July 2013","80,664"
"2820 Manganese Oxides","Brazil","August 2013","108,252"
"2820 Manganese Oxides","Brazil","September 2013","81,364"
"2820 Manganese Oxides","Brazil","October 2013","61,023"
"2820 Manganese Oxides","Brazil","November 2013","40,682"
"2820 Manganese Oxides","Brazil","December 2013","20,341"
"2820 Manganese Oxides","Brazil","January 2014","40,682"
"2820 Manganese Oxides","Brazil","February 2014","40,682"
"2820 Manganese Oxides","Brazil","March 2014","61,023"
"2820 Manganese Oxides","Brazil","April 2014","40,682"
"2820 Manganese Oxides","Brazil","May 2014","40,682"
"2820 Manganese Oxides","Brazil","June 2014","40,682"
"2820 Manganese Oxides","Brazil","July 2014","20,341"
"2820 Manganese Oxides","Brazil","August 2014","40,682"
"2820 Manganese Oxides","Brazil","September 2014","20,341"
"2820 Manganese Oxides","Brazil","October 2014","54,402"
"2820 Manganese Oxides","Brazil","November 2014","20,341"
"2820 Manganese Oxides","Brazil","December 2014","20,341"
"2820 Manganese Oxides","Brazil","January 2015","20,341"
"2820 Manganese Oxides","Brazil","February 2015","40,682"
"2820 Manganese Oxides","Brazil","March 2015","61,023"
"2820 Manganese Oxides","Brazil","April 2015","81,364"
"2820 Manganese Oxides","Brazil","May 2015","20,341"
"2820 Manganese Oxides","Brazil","July 2015","44,584"
"2820 Manganese Oxides","Brazil","August 2015","151,784"
"2820 Manganese Oxides","Brazil","September 2015","70,208"
"2820 Manganese Oxides","Brazil","October 2015","17,470"
"2820 Manganese Oxides","Brazil","November 2015","17,552"
"2820 Manganese Oxides","Brazil","December 2015","137,935"
"2820 Manganese Oxides","Brazil","January 2016","327,025"
"2820 Manganese Oxides","Brazil","February 2016","301,399"
"2820 Manganese Oxides","Brazil","March 2016","306,777"
"2820 Manganese Oxides","Brazil","April 2016","17,552"
"2820 Manganese Oxides","Brazil","May 2016","32,492"
"2820 Manganese Oxides","Brazil","June 2016","52,656"
"2820 Manganese Oxides","Brazil","July 2016","47,152"
"2820 Manganese Oxides","Brazil","August 2016","133,908"
"2820 Manganese Oxides","Brazil","September 2016","126,982"
"2820 Manganese Oxides","Brazil","October 2016","126,400"
"2820 Manganese Oxides","Brazil","November 2016","109,070"
"2820 Manganese Oxides","Brazil","December 2016","127,293"
"2820 Manganese Oxides","Brazil","January 2017","106,734"
"2820 Manganese Oxides","Brazil","February 2017","137,163"
"2820 Manganese Oxides","Brazil","March 2017","134,175"
"2820 Manganese Oxides","Brazil","April 2017","46,526"
"2820 Manganese Oxides","Brazil","May 2017","94,560"
"2820 Manganese Oxides","Brazil","June 2017","15,580"
"2820 Manganese Oxides","Brazil","July 2017","95,165"
"2820 Manganese Oxides","Brazil","August 2017","169,002"
"2820 Manganese Oxides","Brazil","September 2017","116,045"
"2820 Manganese Oxides","Brazil","October 2017","18,026"
"2820 Manganese Oxides","Brazil","November 2017","182,660"
"2820 Manganese Oxides","Brazil","December 2017","169,953"
"2820 Manganese Oxides","Brazil","January 2018","246,287"
"2820 Manganese Oxides","Brazil","February 2018","176,447"
"2820 Manganese Oxides","Brazil","March 2018","203,912"
"2820 Manganese Oxides","Brazil","April 2018","138,026"
"2820 Manganese Oxides","Brazil","May 2018","18,026"
"2820 Manganese Oxides","Brazil","June 2018","75,061"
"2820 Manganese Oxides","Brazil","July 2018","174,855"
"2820 Manganese Oxides","Brazil","August 2018","273,087"
"2820 Manganese Oxides","Brazil","September 2018","150,394"
"2820 Manganese Oxides","Brazil","October 2018","107,792"
"2820 Manganese Oxides","Brazil","November 2018","270,869"
"2820 Manganese Oxides","Brazil","December 2018","125,269"
"2820 Manganese Oxides","Brazil","January 2019","462,222"
"2820 Manganese Oxides","Brazil","February 2019","92,567"
"2820 Manganese Oxides","Brazil","March 2019","232,055"
"2820 Manganese Oxides","Brazil","April 2019","143,820"
"2820 Manganese Oxides","Brazil","May 2019","315,867"
"2820 Manganese Oxides","Brazil","June 2019","122,052"
"2820 Manganese Oxides","Brazil","July 2019","246,339"
"2820 Manganese Oxides","Brazil","August 2019","326,800"
"2820 Manganese Oxides","Brazil","September 2019","248,957"
"2820 Manganese Oxides","Brazil","October 2019","195,240"
"2820 Manganese Oxides","Brazil","November 2019","232,480"
"2820 Manganese Oxides","Brazil","December 2019","305,489"
"2820 Manganese Oxides","Brazil","January 2020","317,552"
"2820 Manganese Oxides","Brazil","February 2020","69,552"
"2820 Manganese Oxides","Brazil","March 2020","309,134"
"2820 Manganese Oxides","Brazil","April 2020","233,900"
"2820 Manganese Oxides","Brazil","May 2020","56,025"
"2820 Manganese Oxides","Brazil","June 2020","191,356"
"2820 Manganese Oxides","Brazil","July 2020","311,079"
"2820 Manganese Oxides","Brazil","August 2020","193,906"
"2820 Manganese Oxides","Brazil","September 2020","302,599"
"2820 Manganese Oxides","Brazil","October 2020","284,287"
"2820 Manganese Oxides","Brazil","November 2020","275,823"
"2820 Manganese Oxides","Brazil","December 2020","87,616"
"2820 Manganese Oxides","Brazil","January 2021","156,897"
"2820 Manganese Oxides","Brazil","February 2021","419,567"
"2820 Manganese Oxides","Brazil","March 2021","320,143"
"2820 Manganese Oxides","Brazil","April 2021","284,557"
"2820 Manganese Oxides","Brazil","May 2021","241,311"
"2820 Manganese Oxides","Brazil","June 2021","150,586"
"2820 Manganese Oxides","Brazil","July 2021","137,457"
"2820 Manganese Oxides","Brazil","August 2021","165,415"
"2820 Manganese Oxides","Brazil","September 2021","317,252"
"2820 Manganese Oxides","Brazil","October 2021","191,607"
"2820 Manganese Oxides","Brazil","December 2021","38,117"
"2820 Manganese Oxides","Brazil","January 2022","58,208"
"2820 Manganese Oxides","Brazil","February 2022","18,026"
"2820 Manganese Oxides","Brazil","May 2022","18,026"
"2820 Manganese Oxides","Brazil","July 2022","56,143"
"2820 Manganese Oxides","Brazil","August 2022","21,710"
"2820 Manganese Oxides","Brazil","September 2022","94,260"
"2820 Manganese Oxides","Brazil","October 2022","18,026"
"2820 Manganese Oxides","Brazil","November 2022","21,375"
"2820 Manganese Oxides","Brazil","December 2022","37,950"
"2820 Manganese Oxides","Brazil","January 2023","147,773"
"2820 Manganese Oxides","Brazil","February 2023","158,479"
"2820 Manganese Oxides","Brazil","March 2023","70,417"
"2820 Manganese Oxides","Brazil","May 2023","102,314"
"2820 Manganese Oxides","Brazil","June 2023","57,946"
"2820 Manganese Oxides","Brazil","July 2023","354,742"
"2820 Manganese Oxides","Brazil","August 2023","59,000"
"2820 Manganese Oxides","Brazil","September 2023","289,357"
"2820 Manganese Oxides","Brazil","October 2023","199,192"
"2820 Manganese Oxides","Brazil","November 2023","115,446"
"2820 Manganese Oxides","Brazil","December 2023","143,438"
"2820 Manganese Oxides","Brazil","February 2024","161,454"
"2820 Manganese Oxides","Brazil","March 2024","62,794"
"2820 Manganese Oxides","Brazil","April 2024","114,189"
"2820 Manganese Oxides","Brazil","May 2024","173,094"
"2820 Manganese Oxides","Brazil","June 2024","69,523"
"2820 Manganese Oxides","Brazil","July 2024","179,869"
"2820 Manganese Oxides","Brazil","August 2024","105,320"
"2820 Manganese Oxides","Brazil","September 2024","13,624"
"2820 Manganese Oxides","Brazil","November 2024","19,924"
"2820 Manganese Oxides","Brazil","December 2024","114,832"
"2820 Manganese Oxides","Brazil","January 2025","19,924"
"2820 Manganese Oxides","Brazil","February 2025","177,677"
"2820 Manganese Oxides","Brazil","March 2025","33,820"
"2820 Manganese Oxides","Brazil","May 2025","132,732"
"2820 Manganese Oxides","Brazil","June 2025","70,084"
"2820 Manganese Oxides","Brazil","July 2025","202,211"
"2820 Manganese Oxides","Brazil","August 2025","141,438"
"2820 Manganese Oxides","Brazil","September 2025","50,160"
"2820 Manganese Oxides","Brazil","October 2025","25,080"
"2820 Manganese Oxides","Colombia","August 2010","153,920"
"2820 Manganese Oxides","Colombia","October 2010","577,200"
"2820 Manganese Oxides","Colombia","November 2010","577,200"
"2820 Manganese Oxides","Colombia","January 2011","577,200"
"2820 Manganese Oxides","Colombia","February 2011","288,600"
"2820 Manganese Oxides","Colombia","March 2011","288,600"
"2820 Manganese Oxides","Colombia","September 2014","8,531"
"2820 Manganese Oxides","Colombia","September 2022","44,063"
"2820 Manganese Oxides","Colombia","February 2023","41,125"
"2820 Manganese Oxides","Colombia","July 2023","398,250"
"2820 Manganese Oxides","Colombia","August 2023","398,250"
"2820 Manganese Oxides","Colombia","September 2023","398,250"
"2820 Manganese Oxides","Colombia","October 2023","442,500"
"2820 Manganese Oxides","Colombia","November 2023","442,500"
"2820 Manganese Oxides","Colombia","December 2023","265,500"
"2820 Manganese Oxides","Colombia","January 2024","796,500"
"2820 Manganese Oxides","Colombia","March 2024","221,250"
"2820 Manganese Oxides","Colombia","April 2024","885,000"
"2820 Manganese Oxides","Colombia","May 2024","619,500"
"2820 Manganese Oxides","Colombia","June 2024","619,500"
"2820 Manganese Oxides","Colombia","July 2024","442,500"
"2820 Manganese Oxides","Colombia","August 2024","929,250"
"2820 Manganese Oxides","Colombia","September 2024","1,457,254"
"2820 Manganese Oxides","Colombia","October 2024","743,910"
"2820 Manganese Oxides","Colombia","November 2024","1,388,632"
"2820 Manganese Oxides","Colombia","December 2024","2,033,354"
"2820 Manganese Oxides","Colombia","January 2025","1,190,256"
"2820 Manganese Oxides","Colombia","February 2025","575,250"
"2820 Manganese Oxides","Colombia","March 2025","1,371,750"
"2820 Manganese Oxides","Colombia","April 2025","221,250"
"2820 Manganese Oxides","Colombia","May 2025","2,256,750"
"2820 Manganese Oxides","Colombia","June 2025","1,548,750"
"2820 Manganese Oxides","Colombia","July 2025","1,206,566"
"2820 Manganese Oxides","Colombia","August 2025","1,217,538"
"2820 Manganese Oxides","Colombia","September 2025","1,533,196"
"2820 Manganese Oxides","Colombia","October 2025","901,880"
"2820 Manganese Oxides","Colombia","November 2025","881,714"
"2820 Manganese Oxides","Colombia","December 2025","1,624,210"
"2820 Manganese Oxides","Peru","February 2018","53,386"
"2820 Manganese Oxides","Peru","March 2018","54,531"
"2820 Manganese Oxides","Peru","September 2018","70,347"
"2820 Manganese Oxides","Peru","November 2018","92,754"
"2820 Manganese Oxides","Peru","January 2019","87,367"
"2820 Manganese Oxides","Peru","April 2019","88,407"
"2820 Manganese Oxides","Peru","June 2019","31,393"
"2820 Manganese Oxides","Peru","October 2019","129,150"
"2820 Manganese Oxides","Peru","November 2019","60,506"
"2820 Manganese Oxides","Peru","December 2019","69,491"
"2824 Lead Oxides; Red Lead And Orange Lead","Brazil","July 2010","52,086"
"2824 Lead Oxides; Red Lead And Orange Lead","Brazil","November 2010","46,847"
"2824 Lead Oxides; Red Lead And Orange Lead","Brazil","December 2010","47,134"
"2824 Lead Oxides; Red Lead And Orange Lead","Brazil","January 2011","51,922"
"2824 Lead Oxides; Red Lead And Orange Lead","Brazil","May 2011","55,940"
"2824 Lead Oxides; Red Lead And Orange Lead","Brazil","July 2011","60,631"
"2824 Lead Oxides; Red Lead And Orange Lead","Brazil","September 2011","59,352"
"2824 Lead Oxides; Red Lead And Orange Lead","Brazil","December 2011","65,256"
"2824 Lead Oxides; Red Lead And Orange Lead","Brazil","March 2012","110,306"
"2824 Lead Oxides; Red Lead And Orange Lead","Brazil","August 2012","111,750"
"2824 Lead Oxides; Red Lead And Orange Lead","Brazil","October 2012","105,485"
"2824 Lead Oxides; Red Lead And Orange Lead","Brazil","December 2012","115,259"
"2824 Lead Oxides; Red Lead And Orange Lead","Brazil","April 2013","117,555"
"2824 Lead Oxides; Red Lead And Orange Lead","Brazil","December 2013","57,843"
"2824 Lead Oxides; Red Lead And Orange Lead","Brazil","September 2014","56,121"
"2824 Lead Oxides; Red Lead And Orange Lead","Brazil","February 2015","15,669"
"2824 Lead Oxides; Red Lead And Orange Lead","Brazil","April 2015","55,530"
"2824 Lead Oxides; Red Lead And Orange Lead","Brazil","July 2015","52,546"
"2824 Lead Oxides; Red Lead And Orange Lead","Brazil","October 2015","52,546"
"2824 Lead Oxides; Red Lead And Orange Lead","Brazil","August 2016","34,342"
"2824 Lead Oxides; Red Lead And Orange Lead","Brazil","March 2022","68,690"
"2824 Lead Oxides; Red Lead And Orange Lead","Brazil","May 2022","54,715"
"2824 Lead Oxides; Red Lead And Orange Lead","Brazil","June 2022","56,501"
"2824 Lead Oxides; Red Lead And Orange Lead","Brazil","September 2022","77,526"
"2824 Lead Oxides; Red Lead And Orange Lead","Brazil","November 2022","91,376"
"2824 Lead Oxides; Red Lead And Orange Lead","Brazil","May 2023","62,687"
"2824 Lead Oxides; Red Lead And Orange Lead","Brazil","June 2023","62,687"
"2824 Lead Oxides; Red Lead And Orange Lead","Brazil","August 2023","95,394"
"2824 Lead Oxides; Red Lead And Orange Lead","Brazil","November 2023","61,628"
"2824 Lead Oxides; Red Lead And Orange Lead","Brazil","January 2024","61,628"
"2824 Lead Oxides; Red Lead And Orange Lead","Brazil","May 2024","55,350"
"2824 Lead Oxides; Red Lead And Orange Lead","Brazil","June 2024","55,858"
"2824 Lead Oxides; Red Lead And Orange Lead","Brazil","July 2024","58,548"
"2824 Lead Oxides; Red Lead And Orange Lead","Brazil","September 2024","6,078"
"2824 Lead Oxides; Red Lead And Orange Lead","Brazil","December 2024","58,673"
"2824 Lead Oxides; Red Lead And Orange Lead","Brazil","April 2025","46,521"
"2824 Lead Oxides; Red Lead And Orange Lead","Brazil","May 2025","58,673"
"2824 Lead Oxides; Red Lead And Orange Lead","Brazil","June 2025","64,895"
"2824 Lead Oxides; Red Lead And Orange Lead","Brazil","November 2025","68,880"
"7501 Nickle Mattes, Nickle Oxide Sinters, Oth Int Prod","Peru","February 2025","4,488"
"7502 Nickle, Unwrought","Brazil","January 2010","623,076"
"7502 Nickle, Unwrought","Brazil","February 2010","9,380,766"
"7502 Nickle, Unwrought","Brazil","March 2010","5,634,189"
"7502 Nickle, Unwrought","Brazil","April 2010","7,065,633"
"7502 Nickle, Unwrought","Brazil","May 2010","2,583,652"
"7502 Nickle, Unwrought","Brazil","June 2010","5,818,051"
"7502 Nickle, Unwrought","Brazil","July 2010","9,228,122"
"7502 Nickle, Unwrought","Brazil","August 2010","2,471,426"
"7502 Nickle, Unwrought","Brazil","September 2010","8,228,234"
"7502 Nickle, Unwrought","Brazil","October 2010","6,925,595"
"7502 Nickle, Unwrought","Brazil","November 2010","5,349,541"
"7502 Nickle, Unwrought","Brazil","December 2010","7,274,764"
"7502 Nickle, Unwrought","Brazil","January 2011","2,199,158"
"7502 Nickle, Unwrought","Brazil","February 2011","4,203,247"
"7502 Nickle, Unwrought","Brazil","March 2011","13,882,185"
"7502 Nickle, Unwrought","Brazil","April 2011","6,185,169"
"7502 Nickle, Unwrought","Brazil","May 2011","6,778,456"
"7502 Nickle, Unwrought","Brazil","June 2011","11,908,946"
"7502 Nickle, Unwrought","Brazil","July 2011","9,432,422"
"7502 Nickle, Unwrought","Brazil","August 2011","7,369,864"
"7502 Nickle, Unwrought","Brazil","September 2011","4,805,832"
"7502 Nickle, Unwrought","Brazil","October 2011","4,723,960"
"7502 Nickle, Unwrought","Brazil","November 2011","9,519,038"
"7502 Nickle, Unwrought","Brazil","December 2011","8,459,284"
"7502 Nickle, Unwrought","Brazil","January 2012","2,779,598"
"7502 Nickle, Unwrought","Brazil","February 2012","11,942,049"
"7502 Nickle, Unwrought","Brazil","March 2012","6,523,719"
"7502 Nickle, Unwrought","Brazil","April 2012","6,465,807"
"7502 Nickle, Unwrought","Brazil","May 2012","4,104,044"
"7502 Nickle, Unwrought","Brazil","June 2012","1,129,985"
"7502 Nickle, Unwrought","Brazil","July 2012","4,569,171"
"7502 Nickle, Unwrought","Brazil","August 2012","7,742,079"
"7502 Nickle, Unwrought","Brazil","September 2012","6,552,683"
"7502 Nickle, Unwrought","Brazil","October 2012","6,859,430"
"7502 Nickle, Unwrought","Brazil","November 2012","3,281,872"
"7502 Nickle, Unwrought","Brazil","December 2012","5,172,871"
"7502 Nickle, Unwrought","Brazil","January 2013","5,143,436"
"7502 Nickle, Unwrought","Brazil","February 2013","3,697,798"
"7502 Nickle, Unwrought","Brazil","March 2013","5,519,548"
"7502 Nickle, Unwrought","Brazil","April 2013","5,503,221"
"7502 Nickle, Unwrought","Brazil","May 2013","6,931,538"
"7502 Nickle, Unwrought","Brazil","June 2013","5,683,842"
"7502 Nickle, Unwrought","Brazil","July 2013","5,732,682"
"7502 Nickle, Unwrought","Brazil","August 2013","4,606,469"
"7502 Nickle, Unwrought","Brazil","September 2013","2,694,034"
"7502 Nickle, Unwrought","Brazil","October 2013","4,094,204"
"7502 Nickle, Unwrought","Brazil","November 2013","5,976,277"
"7502 Nickle, Unwrought","Brazil","December 2013","2,340,234"
"7502 Nickle, Unwrought","Brazil","January 2014","13,374,021"
"7502 Nickle, Unwrought","Brazil","February 2014","3,735,117"
"7502 Nickle, Unwrought","Brazil","March 2014","4,635,025"
"7502 Nickle, Unwrought","Brazil","April 2014","4,391,727"
"7502 Nickle, Unwrought","Brazil","May 2014","14,806,688"
"7502 Nickle, Unwrought","Brazil","June 2014","13,825,177"
"7502 Nickle, Unwrought","Brazil","July 2014","21,213,683"
"7502 Nickle, Unwrought","Brazil","August 2014","8,002,475"
"7502 Nickle, Unwrought","Brazil","September 2014","15,908,842"
"7502 Nickle, Unwrought","Brazil","October 2014","1,782,070"
"7502 Nickle, Unwrought","Brazil","November 2014","7,044,983"
"7502 Nickle, Unwrought","Brazil","December 2014","11,834,162"
"7502 Nickle, Unwrought","Brazil","January 2015","9,608,302"
"7502 Nickle, Unwrought","Brazil","February 2015","10,226,745"
"7502 Nickle, Unwrought","Brazil","March 2015","6,235,467"
"7502 Nickle, Unwrought","Brazil","April 2015","7,327,434"
"7502 Nickle, Unwrought","Brazil","May 2015","10,285,665"
"7502 Nickle, Unwrought","Brazil","June 2015","3,175,642"
"7502 Nickle, Unwrought","Brazil","July 2015","3,730,894"
"7502 Nickle, Unwrought","Brazil","August 2015","6,794,948"
"7502 Nickle, Unwrought","Brazil","September 2015","3,864,875"
"7502 Nickle, Unwrought","Brazil","October 2015","3,199,478"
"7502 Nickle, Unwrought","Brazil","November 2015","8,590,670"
"7502 Nickle, Unwrought","Brazil","December 2015","10,132,243"
"7502 Nickle, Unwrought","Brazil","January 2016","4,329,924"
"7502 Nickle, Unwrought","Brazil","February 2016","3,879,852"
"7502 Nickle, Unwrought","Brazil","March 2016","6,284,915"
"7502 Nickle, Unwrought","Brazil","April 2016","2,376,914"
"7502 Nickle, Unwrought","Brazil","May 2016","3,736,363"
"7502 Nickle, Unwrought","Brazil","June 2016","1,598,616"
"7502 Nickle, Unwrought","Brazil","August 2016","1,465,103"
"7502 Nickle, Unwrought","Brazil","November 2016","1,069,986"
"7502 Nickle, Unwrought","Brazil","January 2017","645,698"
"7502 Nickle, Unwrought","Brazil","April 2017","5,460,064"
"7502 Nickle, Unwrought","Brazil","September 2017","615,520"
"7502 Nickle, Unwrought","Brazil","October 2017","1,121,851"
"7502 Nickle, Unwrought","Brazil","November 2017","5,529,296"
"7502 Nickle, Unwrought","Brazil","December 2017","6,642,260"
"7502 Nickle, Unwrought","Brazil","January 2018","5,161,571"
"7502 Nickle, Unwrought","Brazil","March 2018","475,890"
"7502 Nickle, Unwrought","Brazil","April 2018","731,855"
"7502 Nickle, Unwrought","Brazil","May 2018","4,620,571"
"7502 Nickle, Unwrought","Brazil","July 2018","875,463"
"7502 Nickle, Unwrought","Brazil","November 2018","1,840,079"
"7502 Nickle, Unwrought","Brazil","December 2018","381,845"
"7502 Nickle, Unwrought","Brazil","March 2019","1,084,907"
"7502 Nickle, Unwrought","Brazil","May 2019","968,161"
"7502 Nickle, Unwrought","Brazil","March 2021","2,648,574"
"7502 Nickle, Unwrought","Brazil","June 2021","1,690,958"
"7502 Nickle, Unwrought","Brazil","July 2021","3,909,393"
"7502 Nickle, Unwrought","Brazil","August 2021","3,056,181"
"7502 Nickle, Unwrought","Brazil","September 2021","2,716,044"
"7502 Nickle, Unwrought","Brazil","July 2022","3,022,272"
"7502 Nickle, Unwrought","Brazil","October 2022","1,262,577"
"7502 Nickle, Unwrought","Brazil","February 2023","4,384,113"
"7502 Nickle, Unwrought","Brazil","June 2023","8,306,131"
"7502 Nickle, Unwrought","Brazil","August 2023","1,419,164"
"7502 Nickle, Unwrought","Brazil","September 2023","2,427,122"
"7502 Nickle, Unwrought","Brazil","October 2023","3,288,803"
"7502 Nickle, Unwrought","Brazil","November 2023","2,591,739"
"7502 Nickle, Unwrought","Brazil","December 2023","3,179,718"
"7502 Nickle, Unwrought","Brazil","November 2024","28,789"
"7502 Nickle, Unwrought","Brazil","March 2025","6,540,680"
"7502 Nickle, Unwrought","Brazil","May 2025","2,082,812"
"7502 Nickle, Unwrought","Colombia","October 2013","3,842,360"
"7502 Nickle, Unwrought","Colombia","September 2014","1,874,989"
"7502 Nickle, Unwrought","Colombia","March 2020","2,253,524"
"7502 Nickle, Unwrought","Colombia","September 2022","796,176"
"7502 Nickle, Unwrought","Peru","April 2023","609,507"
"7502 Nickle, Unwrought","Uruguay","August 2018","4,410"
"8111 Manganese And Artcles Thereof, Inc Waste And Scrap","Brazil","April 2012","61,425"
"8111 Manganese And Artcles Thereof, Inc Waste And Scrap","Brazil","February 2025","24,353"
"8111 Manganese And Artcles Thereof, Inc Waste And Scrap","Brazil","March 2025","93,256"
"8111 Manganese And Artcles Thereof, Inc Waste And Scrap","Brazil","April 2025","103,197"
"8111 Manganese And Artcles Thereof, Inc Waste And Scrap","Brazil","May 2025","52,575"
"8111 Manganese And Artcles Thereof, Inc Waste And Scrap","Brazil","June 2025","105,806"
"8111 Manganese And Artcles Thereof, Inc Waste And Scrap","Brazil","July 2025","106,897"
"8111 Manganese And Artcles Thereof, Inc Waste And Scrap","Brazil","August 2025","157,317"
"8111 Manganese And Artcles Thereof, Inc Waste And Scrap","Brazil","September 2025","25,783"
"8112 Beryllium,chromium,hafnium,rhenium Etc & Articles","Argentina","November 2013","3,896"
"8112 Beryllium,chromium,hafnium,rhenium Etc & Articles","Argentina","February 2015","7,402"
"8112 Beryllium,chromium,hafnium,rhenium Etc & Articles","Argentina","May 2015","300,000"
"8112 Beryllium,chromium,hafnium,rhenium Etc & Articles","Argentina","February 2021","2,885"
"8112 Beryllium,chromium,hafnium,rhenium Etc & Articles","Argentina","February 2023","2,177"
"8112 Beryllium,chromium,hafnium,rhenium Etc & Articles","Brazil","February 2010","1,610,996"
"8112 Beryllium,chromium,hafnium,rhenium Etc & Articles","Brazil","March 2010","4,328,825"
"8112 Beryllium,chromium,hafnium,rhenium Etc & Articles","Brazil","April 2010","1,916,771"
"8112 Beryllium,chromium,hafnium,rhenium Etc & Articles","Brazil","May 2010","3,961,360"
"8112 Beryllium,chromium,hafnium,rhenium Etc & Articles","Brazil","June 2010","4,032,034"
"8112 Beryllium,chromium,hafnium,rhenium Etc & Articles","Brazil","July 2010","5,777,552"
"8112 Beryllium,chromium,hafnium,rhenium Etc & Articles","Brazil","August 2010","5,096,895"
"8112 Beryllium,chromium,hafnium,rhenium Etc & Articles","Brazil","September 2010","2,648,226"
"8112 Beryllium,chromium,hafnium,rhenium Etc & Articles","Brazil","October 2010","10,321,671"
"8112 Beryllium,chromium,hafnium,rhenium Etc & Articles","Brazil","November 2010","4,577,988"
"8112 Beryllium,chromium,hafnium,rhenium Etc & Articles","Brazil","December 2010","5,835,957"
"8112 Beryllium,chromium,hafnium,rhenium Etc & Articles","Brazil","January 2011","831,109"
"8112 Beryllium,chromium,hafnium,rhenium Etc & Articles","Brazil","February 2011","4,871,026"
"8112 Beryllium,chromium,hafnium,rhenium Etc & Articles","Brazil","March 2011","6,228,341"
"8112 Beryllium,chromium,hafnium,rhenium Etc & Articles","Brazil","April 2011","4,076,499"
"8112 Beryllium,chromium,hafnium,rhenium Etc & Articles","Brazil","May 2011","4,503,594"
"8112 Beryllium,chromium,hafnium,rhenium Etc & Articles","Brazil","June 2011","6,349,053"
"8112 Beryllium,chromium,hafnium,rhenium Etc & Articles","Brazil","July 2011","4,544,849"
"8112 Beryllium,chromium,hafnium,rhenium Etc & Articles","Brazil","August 2011","4,148,225"
"8112 Beryllium,chromium,hafnium,rhenium Etc & Articles","Brazil","September 2011","6,493,027"
"8112 Beryllium,chromium,hafnium,rhenium Etc & Articles","Brazil","October 2011","4,411,346"
"8112 Beryllium,chromium,hafnium,rhenium Etc & Articles","Brazil","November 2011","5,861,467"
"8112 Beryllium,chromium,hafnium,rhenium Etc & Articles","Brazil","December 2011","5,618,184"
"8112 Beryllium,chromium,hafnium,rhenium Etc & Articles","Brazil","January 2012","6,094,948"
"8112 Beryllium,chromium,hafnium,rhenium Etc & Articles","Brazil","February 2012","7,240,896"
"8112 Beryllium,chromium,hafnium,rhenium Etc & Articles","Brazil","March 2012","4,086,619"
"8112 Beryllium,chromium,hafnium,rhenium Etc & Articles","Brazil","April 2012","7,301,313"
"8112 Beryllium,chromium,hafnium,rhenium Etc & Articles","Brazil","May 2012","5,111,137"
"8112 Beryllium,chromium,hafnium,rhenium Etc & Articles","Brazil","June 2012","8,892,896"
"8112 Beryllium,chromium,hafnium,rhenium Etc & Articles","Brazil","July 2012","5,714,351"
"8112 Beryllium,chromium,hafnium,rhenium Etc & Articles","Brazil","August 2012","2,448,553"
"8112 Beryllium,chromium,hafnium,rhenium Etc & Articles","Brazil","September 2012","6,663,173"
"8112 Beryllium,chromium,hafnium,rhenium Etc & Articles","Brazil","October 2012","4,929,331"
"8112 Beryllium,chromium,hafnium,rhenium Etc & Articles","Brazil","November 2012","6,435,574"
"8112 Beryllium,chromium,hafnium,rhenium Etc & Articles","Brazil","December 2012","6,593,580"
"8112 Beryllium,chromium,hafnium,rhenium Etc & Articles","Brazil","January 2013","6,021,238"
"8112 Beryllium,chromium,hafnium,rhenium Etc & Articles","Brazil","February 2013","7,607,661"
"8112 Beryllium,chromium,hafnium,rhenium Etc & Articles","Brazil","March 2013","3,426,037"
"8112 Beryllium,chromium,hafnium,rhenium Etc & Articles","Brazil","April 2013","9,105,463"
"8112 Beryllium,chromium,hafnium,rhenium Etc & Articles","Brazil","May 2013","10,751,554"
"8112 Beryllium,chromium,hafnium,rhenium Etc & Articles","Brazil","June 2013","11,638,689"
"8112 Beryllium,chromium,hafnium,rhenium Etc & Articles","Brazil","July 2013","7,571,092"
"8112 Beryllium,chromium,hafnium,rhenium Etc & Articles","Brazil","August 2013","120,277"
"8112 Beryllium,chromium,hafnium,rhenium Etc & Articles","Brazil","September 2013","987,708"
"8112 Beryllium,chromium,hafnium,rhenium Etc & Articles","Brazil","October 2013","4,934,135"
"8112 Beryllium,chromium,hafnium,rhenium Etc & Articles","Brazil","November 2013","4,933,634"
"8112 Beryllium,chromium,hafnium,rhenium Etc & Articles","Brazil","December 2013","2,963,124"
"8112 Beryllium,chromium,hafnium,rhenium Etc & Articles","Brazil","January 2014","12,488,663"
"8112 Beryllium,chromium,hafnium,rhenium Etc & Articles","Brazil","February 2014","4,086,598"
"8112 Beryllium,chromium,hafnium,rhenium Etc & Articles","Brazil","March 2014","6,478,764"
"8112 Beryllium,chromium,hafnium,rhenium Etc & Articles","Brazil","April 2014","10,284,008"
"8112 Beryllium,chromium,hafnium,rhenium Etc & Articles","Brazil","May 2014","7,691,055"
"8112 Beryllium,chromium,hafnium,rhenium Etc & Articles","Brazil","June 2014","7,384,357"
"8112 Beryllium,chromium,hafnium,rhenium Etc & Articles","Brazil","July 2014","4,611,871"
"8112 Beryllium,chromium,hafnium,rhenium Etc & Articles","Brazil","August 2014","2,279,480"
"8112 Beryllium,chromium,hafnium,rhenium Etc & Articles","Brazil","September 2014","8,367,201"
"8112 Beryllium,chromium,hafnium,rhenium Etc & Articles","Brazil","October 2014","4,627,684"
"8112 Beryllium,chromium,hafnium,rhenium Etc & Articles","Brazil","November 2014","9,311,688"
"8112 Beryllium,chromium,hafnium,rhenium Etc & Articles","Brazil","December 2014","9,197,071"
"8112 Beryllium,chromium,hafnium,rhenium Etc & Articles","Brazil","January 2015","921,639"
"8112 Beryllium,chromium,hafnium,rhenium Etc & Articles","Brazil","February 2015","4,008,665"
"8112 Beryllium,chromium,hafnium,rhenium Etc & Articles","Brazil","March 2015","4,725,515"
"8112 Beryllium,chromium,hafnium,rhenium Etc & Articles","Brazil","April 2015","214,871"
"8112 Beryllium,chromium,hafnium,rhenium Etc & Articles","Brazil","May 2015","1,848,798"
"8112 Beryllium,chromium,hafnium,rhenium Etc & Articles","Brazil","June 2015","3,913,320"
"8112 Beryllium,chromium,hafnium,rhenium Etc & Articles","Brazil","July 2015","5,555,573"
"8112 Beryllium,chromium,hafnium,rhenium Etc & Articles","Brazil","August 2015","7,385,347"
"8112 Beryllium,chromium,hafnium,rhenium Etc & Articles","Brazil","September 2015","4,737,127"
"8112 Beryllium,chromium,hafnium,rhenium Etc & Articles","Brazil","November 2015","5,457,072"
"8112 Beryllium,chromium,hafnium,rhenium Etc & Articles","Brazil","December 2015","975,637"
"8112 Beryllium,chromium,hafnium,rhenium Etc & Articles","Brazil","January 2016","912,233"
"8112 Beryllium,chromium,hafnium,rhenium Etc & Articles","Brazil","February 2016","3,861,544"
"8112 Beryllium,chromium,hafnium,rhenium Etc & Articles","Brazil","March 2016","3,868,318"
"8112 Beryllium,chromium,hafnium,rhenium Etc & Articles","Brazil","April 2016","3,928,553"
"8112 Beryllium,chromium,hafnium,rhenium Etc & Articles","Brazil","May 2016","7,610,021"
"8112 Beryllium,chromium,hafnium,rhenium Etc & Articles","Brazil","June 2016","5,221,077"
"8112 Beryllium,chromium,hafnium,rhenium Etc & Articles","Brazil","July 2016","2,699,220"
"8112 Beryllium,chromium,hafnium,rhenium Etc & Articles","Brazil","August 2016","4,238,548"
"8112 Beryllium,chromium,hafnium,rhenium Etc & Articles","Brazil","September 2016","4,256,289"
"8112 Beryllium,chromium,hafnium,rhenium Etc & Articles","Brazil","October 2016","4,262,071"
"8112 Beryllium,chromium,hafnium,rhenium Etc & Articles","Brazil","November 2016","5,131,462"
"8112 Beryllium,chromium,hafnium,rhenium Etc & Articles","Brazil","December 2016","7,645,631"
"8112 Beryllium,chromium,hafnium,rhenium Etc & Articles","Brazil","January 2017","3,431,955"
"8112 Beryllium,chromium,hafnium,rhenium Etc & Articles","Brazil","February 2017","5,155,169"
"8112 Beryllium,chromium,hafnium,rhenium Etc & Articles","Brazil","March 2017","4,626,113"
"8112 Beryllium,chromium,hafnium,rhenium Etc & Articles","Brazil","April 2017","2,906,133"
"8112 Beryllium,chromium,hafnium,rhenium Etc & Articles","Brazil","May 2017","3,448,936"
"8112 Beryllium,chromium,hafnium,rhenium Etc & Articles","Brazil","June 2017","4,303,310"
"8112 Beryllium,chromium,hafnium,rhenium Etc & Articles","Brazil","July 2017","3,429,420"
"8112 Beryllium,chromium,hafnium,rhenium Etc & Articles","Brazil","August 2017","7,713,677"
"8112 Beryllium,chromium,hafnium,rhenium Etc & Articles","Brazil","September 2017","1,717,451"
"8112 Beryllium,chromium,hafnium,rhenium Etc & Articles","Brazil","October 2017","5,251,273"
"8112 Beryllium,chromium,hafnium,rhenium Etc & Articles","Brazil","November 2017","4,509,775"
"8112 Beryllium,chromium,hafnium,rhenium Etc & Articles","Brazil","December 2017","6,909,676"
"8112 Beryllium,chromium,hafnium,rhenium Etc & Articles","Brazil","January 2018","4,659,222"
"8112 Beryllium,chromium,hafnium,rhenium Etc & Articles","Brazil","February 2018","4,281,370"
"8112 Beryllium,chromium,hafnium,rhenium Etc & Articles","Brazil","March 2018","6,037,003"
"8112 Beryllium,chromium,hafnium,rhenium Etc & Articles","Brazil","April 2018","6,033,283"
"8112 Beryllium,chromium,hafnium,rhenium Etc & Articles","Brazil","May 2018","10,092,397"
"8112 Beryllium,chromium,hafnium,rhenium Etc & Articles","Brazil","June 2018","4,972,869"
"8112 Beryllium,chromium,hafnium,rhenium Etc & Articles","Brazil","July 2018","9,126,371"
"8112 Beryllium,chromium,hafnium,rhenium Etc & Articles","Brazil","August 2018","3,780,523"
"8112 Beryllium,chromium,hafnium,rhenium Etc & Articles","Brazil","September 2018","2,489,325"
"8112 Beryllium,chromium,hafnium,rhenium Etc & Articles","Brazil","October 2018","3,315,433"
"8112 Beryllium,chromium,hafnium,rhenium Etc & Articles","Brazil","November 2018","7,773,314"
"8112 Beryllium,chromium,hafnium,rhenium Etc & Articles","Brazil","December 2018","5,810,868"
"8112 Beryllium,chromium,hafnium,rhenium Etc & Articles","Brazil","January 2019","7,821,738"
"8112 Beryllium,chromium,hafnium,rhenium Etc & Articles","Brazil","February 2019","5,097,776"
"8112 Beryllium,chromium,hafnium,rhenium Etc & Articles","Brazil","March 2019","3,443,626"
"8112 Beryllium,chromium,hafnium,rhenium Etc & Articles","Brazil","April 2019","9,367,844"
"8112 Beryllium,chromium,hafnium,rhenium Etc & Articles","Brazil","May 2019","3,933,599"
"8112 Beryllium,chromium,hafnium,rhenium Etc & Articles","Brazil","June 2019","7,969,268"
"8112 Beryllium,chromium,hafnium,rhenium Etc & Articles","Brazil","July 2019","3,627,710"
"8112 Beryllium,chromium,hafnium,rhenium Etc & Articles","Brazil","August 2019","1,674,622"
"8112 Beryllium,chromium,hafnium,rhenium Etc & Articles","Brazil","September 2019","5,471,425"
"8112 Beryllium,chromium,hafnium,rhenium Etc & Articles","Brazil","October 2019","4,088,896"
"8112 Beryllium,chromium,hafnium,rhenium Etc & Articles","Brazil","November 2019","5,012,222"
"8112 Beryllium,chromium,hafnium,rhenium Etc & Articles","Brazil","December 2019","4,173,187"
"8112 Beryllium,chromium,hafnium,rhenium Etc & Articles","Brazil","January 2020","4,647,318"
"8112 Beryllium,chromium,hafnium,rhenium Etc & Articles","Brazil","February 2020","4,177,798"
"8112 Beryllium,chromium,hafnium,rhenium Etc & Articles","Brazil","March 2020","6,671,526"
"8112 Beryllium,chromium,hafnium,rhenium Etc & Articles","Brazil","April 2020","7,150,780"
"8112 Beryllium,chromium,hafnium,rhenium Etc & Articles","Brazil","May 2020","8,745,359"
"8112 Beryllium,chromium,hafnium,rhenium Etc & Articles","Brazil","June 2020","671,764"
"8112 Beryllium,chromium,hafnium,rhenium Etc & Articles","Brazil","October 2020","307,464"
"8112 Beryllium,chromium,hafnium,rhenium Etc & Articles","Brazil","December 2020","409,877"
"8112 Beryllium,chromium,hafnium,rhenium Etc & Articles","Brazil","January 2021","290,815"
"8112 Beryllium,chromium,hafnium,rhenium Etc & Articles","Brazil","February 2021","234,400"
"8112 Beryllium,chromium,hafnium,rhenium Etc & Articles","Brazil","April 2021","877,354"
"8112 Beryllium,chromium,hafnium,rhenium Etc & Articles","Brazil","May 2021","8,160,784"
"8112 Beryllium,chromium,hafnium,rhenium Etc & Articles","Brazil","June 2021","4,350,917"
"8112 Beryllium,chromium,hafnium,rhenium Etc & Articles","Brazil","July 2021","4,803,925"
"8112 Beryllium,chromium,hafnium,rhenium Etc & Articles","Brazil","August 2021","1,783,212"
"8112 Beryllium,chromium,hafnium,rhenium Etc & Articles","Brazil","September 2021","3,139,643"
"8112 Beryllium,chromium,hafnium,rhenium Etc & Articles","Brazil","October 2021","4,398,264"
"8112 Beryllium,chromium,hafnium,rhenium Etc & Articles","Brazil","November 2021","3,866,961"
"8112 Beryllium,chromium,hafnium,rhenium Etc & Articles","Brazil","December 2021","8,137,409"
"8112 Beryllium,chromium,hafnium,rhenium Etc & Articles","Brazil","January 2022","3,337,438"
"8112 Beryllium,chromium,hafnium,rhenium Etc & Articles","Brazil","February 2022","7,863,793"
"8112 Beryllium,chromium,hafnium,rhenium Etc & Articles","Brazil","March 2022","4,585,077"
"8112 Beryllium,chromium,hafnium,rhenium Etc & Articles","Brazil","April 2022","8,374,549"
"8112 Beryllium,chromium,hafnium,rhenium Etc & Articles","Brazil","May 2022","3,904,729"
"8112 Beryllium,chromium,hafnium,rhenium Etc & Articles","Brazil","June 2022","7,194,498"
"8112 Beryllium,chromium,hafnium,rhenium Etc & Articles","Brazil","July 2022","9,797,505"
"8112 Beryllium,chromium,hafnium,rhenium Etc & Articles","Brazil","August 2022","4,307,589"
"8112 Beryllium,chromium,hafnium,rhenium Etc & Articles","Brazil","September 2022","3,456,891"
"8112 Beryllium,chromium,hafnium,rhenium Etc & Articles","Brazil","October 2022","9,893,788"
"8112 Beryllium,chromium,hafnium,rhenium Etc & Articles","Brazil","November 2022","5,692,534"
"8112 Beryllium,chromium,hafnium,rhenium Etc & Articles","Brazil","December 2022","11,100,332"
"8112 Beryllium,chromium,hafnium,rhenium Etc & Articles","Brazil","January 2023","12,446,941"
"8112 Beryllium,chromium,hafnium,rhenium Etc & Articles","Brazil","February 2023","9,120,139"
"8112 Beryllium,chromium,hafnium,rhenium Etc & Articles","Brazil","March 2023","4,093,841"
"8112 Beryllium,chromium,hafnium,rhenium Etc & Articles","Brazil","April 2023","4,151,935"
"8112 Beryllium,chromium,hafnium,rhenium Etc & Articles","Brazil","May 2023","4,392,298"
"8112 Beryllium,chromium,hafnium,rhenium Etc & Articles","Brazil","June 2023","3,732,270"
"8112 Beryllium,chromium,hafnium,rhenium Etc & Articles","Brazil","July 2023","5,297,840"
"8112 Beryllium,chromium,hafnium,rhenium Etc & Articles","Brazil","August 2023","4,584,562"
"8112 Beryllium,chromium,hafnium,rhenium Etc & Articles","Brazil","September 2023","14,237,083"
"8112 Beryllium,chromium,hafnium,rhenium Etc & Articles","Brazil","October 2023","5,404,957"
"8112 Beryllium,chromium,hafnium,rhenium Etc & Articles","Brazil","November 2023","7,513,702"
"8112 Beryllium,chromium,hafnium,rhenium Etc & Articles","Brazil","December 2023","14,003,723"
"8112 Beryllium,chromium,hafnium,rhenium Etc & Articles","Brazil","January 2024","1,801,543"
"8112 Beryllium,chromium,hafnium,rhenium Etc & Articles","Brazil","February 2024","5,256,183"
"8112 Beryllium,chromium,hafnium,rhenium Etc & Articles","Brazil","March 2024","9,524,579"
"8112 Beryllium,chromium,hafnium,rhenium Etc & Articles","Brazil","April 2024","5,496,922"
"8112 Beryllium,chromium,hafnium,rhenium Etc & Articles","Brazil","May 2024","4,202,541"
"8112 Beryllium,chromium,hafnium,rhenium Etc & Articles","Brazil","June 2024","6,209,120"
"8112 Beryllium,chromium,hafnium,rhenium Etc & Articles","Brazil","July 2024","8,855,621"
"8112 Beryllium,chromium,hafnium,rhenium Etc & Articles","Brazil","August 2024","6,609,292"
"8112 Beryllium,chromium,hafnium,rhenium Etc & Articles","Brazil","September 2024","1,052,550"
"8112 Beryllium,chromium,hafnium,rhenium Etc & Articles","Brazil","October 2024","16,077,700"
"8112 Beryllium,chromium,hafnium,rhenium Etc & Articles","Brazil","November 2024","20,495,884"
"8112 Beryllium,chromium,hafnium,rhenium Etc & Articles","Brazil","December 2024","12,949,764"
"8112 Beryllium,chromium,hafnium,rhenium Etc & Articles","Brazil","January 2025","13,012,025"
"8112 Beryllium,chromium,hafnium,rhenium Etc & Articles","Brazil","February 2025","907,562"
"8112 Beryllium,chromium,hafnium,rhenium Etc & Articles","Brazil","March 2025","3,250,116"
"8112 Beryllium,chromium,hafnium,rhenium Etc & Articles","Brazil","April 2025","4,837,569"
"8112 Beryllium,chromium,hafnium,rhenium Etc & Articles","Brazil","May 2025","10,611,275"
"8112 Beryllium,chromium,hafnium,rhenium Etc & Articles","Brazil","June 2025","14,284,971"
"8112 Beryllium,chromium,hafnium,rhenium Etc & Articles","Brazil","July 2025","10,495,770"
"8112 Beryllium,chromium,hafnium,rhenium Etc & Articles","Brazil","August 2025","1,081,267"
"8112 Beryllium,chromium,hafnium,rhenium Etc & Articles","Brazil","September 2025","6,992,703"
"8112 Beryllium,chromium,hafnium,rhenium Etc & Articles","Brazil","October 2025","253,680"
"8112 Beryllium,chromium,hafnium,rhenium Etc & Articles","Brazil","November 2025","83,778"
"8112 Beryllium,chromium,hafnium,rhenium Etc & Articles","Chile","January 2010","1,660,296"
"8112 Beryllium,chromium,hafnium,rhenium Etc & Articles","Chile","February 2010","2,941,576"
"8112 Beryllium,chromium,hafnium,rhenium Etc & Articles","Chile","March 2010","3,562,680"
"8112 Beryllium,chromium,hafnium,rhenium Etc & Articles","Chile","April 2010","2,941,576"
"8112 Beryllium,chromium,hafnium,rhenium Etc & Articles","Chile","May 2010","677,600"
"8112 Beryllium,chromium,hafnium,rhenium Etc & Articles","Chile","June 2010","11,767,090"
"8112 Beryllium,chromium,hafnium,rhenium Etc & Articles","Chile","July 2010","2,337,896"
"8112 Beryllium,chromium,hafnium,rhenium Etc & Articles","Chile","August 2010","2,313,696"
"8112 Beryllium,chromium,hafnium,rhenium Etc & Articles","Chile","September 2010","4,591,152"
"8112 Beryllium,chromium,hafnium,rhenium Etc & Articles","Chile","October 2010","3,544,776"
"8112 Beryllium,chromium,hafnium,rhenium Etc & Articles","Chile","November 2010","3,549,216"
"8112 Beryllium,chromium,hafnium,rhenium Etc & Articles","Chile","December 2010","10,332,740"
"8112 Beryllium,chromium,hafnium,rhenium Etc & Articles","Chile","January 2011","2,798,980"
"8112 Beryllium,chromium,hafnium,rhenium Etc & Articles","Chile","February 2011","2,712,776"
"8112 Beryllium,chromium,hafnium,rhenium Etc & Articles","Chile","March 2011","4,990,305"
"8112 Beryllium,chromium,hafnium,rhenium Etc & Articles","Chile","April 2011","2,192,696"
"8112 Beryllium,chromium,hafnium,rhenium Etc & Articles","Chile","May 2011","3,877,192"
"8112 Beryllium,chromium,hafnium,rhenium Etc & Articles","Chile","June 2011","8,326,634"
"8112 Beryllium,chromium,hafnium,rhenium Etc & Articles","Chile","July 2011","3,877,192"
"8112 Beryllium,chromium,hafnium,rhenium Etc & Articles","Chile","August 2011","2,192,696"
"8112 Beryllium,chromium,hafnium,rhenium Etc & Articles","Chile","September 2011","606,600"
"8112 Beryllium,chromium,hafnium,rhenium Etc & Articles","Chile","October 2011","8,162,865"
"8112 Beryllium,chromium,hafnium,rhenium Etc & Articles","Chile","November 2011","10,867,736"
"8112 Beryllium,chromium,hafnium,rhenium Etc & Articles","Chile","December 2011","782,220"
"8112 Beryllium,chromium,hafnium,rhenium Etc & Articles","Chile","January 2012","4,691,872"
"8112 Beryllium,chromium,hafnium,rhenium Etc & Articles","Chile","February 2012","2,337,896"
"8112 Beryllium,chromium,hafnium,rhenium Etc & Articles","Chile","March 2012","5,222,976"
"8112 Beryllium,chromium,hafnium,rhenium Etc & Articles","Chile","April 2012","767,600"
"8112 Beryllium,chromium,hafnium,rhenium Etc & Articles","Chile","May 2012","2,941,576"
"8112 Beryllium,chromium,hafnium,rhenium Etc & Articles","Chile","June 2012","10,126,132"
"8112 Beryllium,chromium,hafnium,rhenium Etc & Articles","Chile","July 2012","2,941,576"
"8112 Beryllium,chromium,hafnium,rhenium Etc & Articles","Chile","August 2012","4,088,192"
"8112 Beryllium,chromium,hafnium,rhenium Etc & Articles","Chile","September 2012","5,402,976"
"8112 Beryllium,chromium,hafnium,rhenium Etc & Articles","Chile","October 2012","2,567,400"
"8112 Beryllium,chromium,hafnium,rhenium Etc & Articles","Chile","November 2012","12,160,192"
"8112 Beryllium,chromium,hafnium,rhenium Etc & Articles","Chile","December 2012","1,929,694"
"8112 Beryllium,chromium,hafnium,rhenium Etc & Articles","Chile","January 2013","2,213,422"
"8112 Beryllium,chromium,hafnium,rhenium Etc & Articles","Chile","February 2013","1,760,092"
"8112 Beryllium,chromium,hafnium,rhenium Etc & Articles","Chile","March 2013","1,555,840"
"8112 Beryllium,chromium,hafnium,rhenium Etc & Articles","Chile","April 2013","4,282,508"
"8112 Beryllium,chromium,hafnium,rhenium Etc & Articles","Chile","May 2013","1,647,360"
"8112 Beryllium,chromium,hafnium,rhenium Etc & Articles","Chile","June 2013","9,239,076"
"8112 Beryllium,chromium,hafnium,rhenium Etc & Articles","Chile","July 2013","2,871,004"
"8112 Beryllium,chromium,hafnium,rhenium Etc & Articles","Chile","August 2013","1,555,840"
"8112 Beryllium,chromium,hafnium,rhenium Etc & Articles","Chile","September 2013","4,666,366"
"8112 Beryllium,chromium,hafnium,rhenium Etc & Articles","Chile","October 2013","4,290,606"
"8112 Beryllium,chromium,hafnium,rhenium Etc & Articles","Chile","November 2013","829,126"
"8112 Beryllium,chromium,hafnium,rhenium Etc & Articles","Chile","December 2013","12,135,133"
"8112 Beryllium,chromium,hafnium,rhenium Etc & Articles","Chile","February 2014","6,696,272"
"8112 Beryllium,chromium,hafnium,rhenium Etc & Articles","Chile","March 2014","4,749,976"
"8112 Beryllium,chromium,hafnium,rhenium Etc & Articles","Chile","April 2014","2,801,736"
"8112 Beryllium,chromium,hafnium,rhenium Etc & Articles","Chile","May 2014","1,555,840"
"8112 Beryllium,chromium,hafnium,rhenium Etc & Articles","Chile","June 2014","3,529,238"
"8112 Beryllium,chromium,hafnium,rhenium Etc & Articles","Chile","July 2014","5,511,044"
"8112 Beryllium,chromium,hafnium,rhenium Etc & Articles","Chile","August 2014","2,862,404"
"8112 Beryllium,chromium,hafnium,rhenium Etc & Articles","Chile","September 2014","3,535,840"
"8112 Beryllium,chromium,hafnium,rhenium Etc & Articles","Chile","October 2014","2,769,976"
"8112 Beryllium,chromium,hafnium,rhenium Etc & Articles","Chile","November 2014","3,926,296"
"8112 Beryllium,chromium,hafnium,rhenium Etc & Articles","Chile","December 2014","1,474,308"
"8112 Beryllium,chromium,hafnium,rhenium Etc & Articles","Chile","January 2015","6,399,800"
"8112 Beryllium,chromium,hafnium,rhenium Etc & Articles","Chile","February 2015","1,327,040"
"8112 Beryllium,chromium,hafnium,rhenium Etc & Articles","Chile","March 2015","10,568,277"
"8112 Beryllium,chromium,hafnium,rhenium Etc & Articles","Chile","April 2015","1,327,040"
"8112 Beryllium,chromium,hafnium,rhenium Etc & Articles","Chile","May 2015","3,199,549"
"8112 Beryllium,chromium,hafnium,rhenium Etc & Articles","Chile","June 2015","8,415,440"
"8112 Beryllium,chromium,hafnium,rhenium Etc & Articles","Chile","July 2015","4,950,027"
"8112 Beryllium,chromium,hafnium,rhenium Etc & Articles","Chile","August 2015","1,327,040"
"8112 Beryllium,chromium,hafnium,rhenium Etc & Articles","Chile","September 2015","8,655,071"
"8112 Beryllium,chromium,hafnium,rhenium Etc & Articles","Chile","October 2015","1,327,040"
"8112 Beryllium,chromium,hafnium,rhenium Etc & Articles","Chile","November 2015","1,327,040"
"8112 Beryllium,chromium,hafnium,rhenium Etc & Articles","Chile","December 2015","6,920,540"
"8112 Beryllium,chromium,hafnium,rhenium Etc & Articles","Chile","January 2016","1,144,000"
"8112 Beryllium,chromium,hafnium,rhenium Etc & Articles","Chile","February 2016","1,144,000"
"8112 Beryllium,chromium,hafnium,rhenium Etc & Articles","Chile","March 2016","6,762,250"
"8112 Beryllium,chromium,hafnium,rhenium Etc & Articles","Chile","April 2016","1,144,000"
"8112 Beryllium,chromium,hafnium,rhenium Etc & Articles","Chile","May 2016","2,705,032"
"8112 Beryllium,chromium,hafnium,rhenium Etc & Articles","Chile","June 2016","7,311,502"
"8112 Beryllium,chromium,hafnium,rhenium Etc & Articles","Chile","July 2016","3,904,444"
"8112 Beryllium,chromium,hafnium,rhenium Etc & Articles","Chile","August 2016","1,577,620"
"8112 Beryllium,chromium,hafnium,rhenium Etc & Articles","Chile","September 2016","7,774,030"
"8112 Beryllium,chromium,hafnium,rhenium Etc & Articles","Chile","October 2016","3,494,116"
"8112 Beryllium,chromium,hafnium,rhenium Etc & Articles","Chile","November 2016","10,916,920"
"8112 Beryllium,chromium,hafnium,rhenium Etc & Articles","Chile","December 2016","4,362,664"
"8112 Beryllium,chromium,hafnium,rhenium Etc & Articles","Chile","January 2017","4,407,538"
"8112 Beryllium,chromium,hafnium,rhenium Etc & Articles","Chile","February 2017","6,795,440"
"8112 Beryllium,chromium,hafnium,rhenium Etc & Articles","Chile","March 2017","1,157,160"
"8112 Beryllium,chromium,hafnium,rhenium Etc & Articles","Chile","April 2017","4,613,818"
"8112 Beryllium,chromium,hafnium,rhenium Etc & Articles","Chile","May 2017","4,238,014"
"8112 Beryllium,chromium,hafnium,rhenium Etc & Articles","Chile","June 2017","8,072,218"
"8112 Beryllium,chromium,hafnium,rhenium Etc & Articles","Chile","July 2017","2,438,591"
"8112 Beryllium,chromium,hafnium,rhenium Etc & Articles","Chile","August 2017","2,446,810"
"8112 Beryllium,chromium,hafnium,rhenium Etc & Articles","Chile","September 2017","7,225,363"
"8112 Beryllium,chromium,hafnium,rhenium Etc & Articles","Chile","October 2017","2,816,565"
"8112 Beryllium,chromium,hafnium,rhenium Etc & Articles","Chile","November 2017","2,183,730"
"8112 Beryllium,chromium,hafnium,rhenium Etc & Articles","Chile","December 2017","10,846,680"
"8112 Beryllium,chromium,hafnium,rhenium Etc & Articles","Chile","January 2018","3,870,236"
"8112 Beryllium,chromium,hafnium,rhenium Etc & Articles","Chile","February 2018","5,916,220"
"8112 Beryllium,chromium,hafnium,rhenium Etc & Articles","Chile","March 2018","2,419,795"
"8112 Beryllium,chromium,hafnium,rhenium Etc & Articles","Chile","April 2018","5,997,620"
"8112 Beryllium,chromium,hafnium,rhenium Etc & Articles","Chile","May 2018","5,607,370"
"8112 Beryllium,chromium,hafnium,rhenium Etc & Articles","Chile","June 2018","3,276,020"
"8112 Beryllium,chromium,hafnium,rhenium Etc & Articles","Chile","July 2018","2,934,420"
"8112 Beryllium,chromium,hafnium,rhenium Etc & Articles","Chile","August 2018","1,967,020"
"8112 Beryllium,chromium,hafnium,rhenium Etc & Articles","Chile","September 2018","16,270,870"
"8112 Beryllium,chromium,hafnium,rhenium Etc & Articles","Chile","October 2018","1,996,866"
"8112 Beryllium,chromium,hafnium,rhenium Etc & Articles","Chile","November 2018","1,643,620"
"8112 Beryllium,chromium,hafnium,rhenium Etc & Articles","Chile","December 2018","3,842,520"
"8112 Beryllium,chromium,hafnium,rhenium Etc & Articles","Chile","January 2019","2,329,800"
"8112 Beryllium,chromium,hafnium,rhenium Etc & Articles","Chile","February 2019","6,893,272"
"8112 Beryllium,chromium,hafnium,rhenium Etc & Articles","Chile","March 2019","4,193,483"
"8112 Beryllium,chromium,hafnium,rhenium Etc & Articles","Chile","April 2019","1,857,642"
"8112 Beryllium,chromium,hafnium,rhenium Etc & Articles","Chile","May 2019","7,458,584"
"8112 Beryllium,chromium,hafnium,rhenium Etc & Articles","Chile","June 2019","3,706,200"
"8112 Beryllium,chromium,hafnium,rhenium Etc & Articles","Chile","July 2019","66,500"
"8112 Beryllium,chromium,hafnium,rhenium Etc & Articles","Chile","August 2019","2,086,104"
"8112 Beryllium,chromium,hafnium,rhenium Etc & Articles","Chile","September 2019","15,054,600"
"8112 Beryllium,chromium,hafnium,rhenium Etc & Articles","Chile","October 2019","2,086,104"
"8112 Beryllium,chromium,hafnium,rhenium Etc & Articles","Chile","November 2019","3,627,533"
"8112 Beryllium,chromium,hafnium,rhenium Etc & Articles","Chile","December 2019","1,540,000"
"8112 Beryllium,chromium,hafnium,rhenium Etc & Articles","Chile","January 2020","3,519,300"
"8112 Beryllium,chromium,hafnium,rhenium Etc & Articles","Chile","February 2020","2,571,640"
"8112 Beryllium,chromium,hafnium,rhenium Etc & Articles","Chile","March 2020","6,316,640"
"8112 Beryllium,chromium,hafnium,rhenium Etc & Articles","Chile","April 2020","3,436,840"
"8112 Beryllium,chromium,hafnium,rhenium Etc & Articles","Chile","July 2020","1,755,600"
"8112 Beryllium,chromium,hafnium,rhenium Etc & Articles","Chile","October 2020","6,117,760"
"8112 Beryllium,chromium,hafnium,rhenium Etc & Articles","Chile","December 2020","4,476,560"
"8112 Beryllium,chromium,hafnium,rhenium Etc & Articles","Chile","January 2021","1,270,106"
"8112 Beryllium,chromium,hafnium,rhenium Etc & Articles","Chile","February 2021","1,272,480"
"8112 Beryllium,chromium,hafnium,rhenium Etc & Articles","Chile","March 2021","1,283,480"
"8112 Beryllium,chromium,hafnium,rhenium Etc & Articles","Chile","April 2021","3,732,080"
"8112 Beryllium,chromium,hafnium,rhenium Etc & Articles","Chile","May 2021","1,272,480"
"8112 Beryllium,chromium,hafnium,rhenium Etc & Articles","Chile","June 2021","1,283,480"
"8112 Beryllium,chromium,hafnium,rhenium Etc & Articles","Chile","July 2021","1,283,480"
"8112 Beryllium,chromium,hafnium,rhenium Etc & Articles","Chile","August 2021","3,810,180"
"8112 Beryllium,chromium,hafnium,rhenium Etc & Articles","Chile","September 2021","3,732,080"
"8112 Beryllium,chromium,hafnium,rhenium Etc & Articles","Chile","October 2021","1,441,880"
"8112 Beryllium,chromium,hafnium,rhenium Etc & Articles","Chile","November 2021","2,942,280"
"8112 Beryllium,chromium,hafnium,rhenium Etc & Articles","Chile","December 2021","1,986,820"
"8112 Beryllium,chromium,hafnium,rhenium Etc & Articles","Chile","January 2022","5,042,400"
"8112 Beryllium,chromium,hafnium,rhenium Etc & Articles","Chile","March 2022","123,200"
"8112 Beryllium,chromium,hafnium,rhenium Etc & Articles","Chile","April 2022","272,965"
"8112 Beryllium,chromium,hafnium,rhenium Etc & Articles","Chile","May 2022","30,750"
"8112 Beryllium,chromium,hafnium,rhenium Etc & Articles","Chile","June 2022","73,549"
"8112 Beryllium,chromium,hafnium,rhenium Etc & Articles","Chile","July 2022","15,375"
"8112 Beryllium,chromium,hafnium,rhenium Etc & Articles","Chile","August 2022","15,906"
"8112 Beryllium,chromium,hafnium,rhenium Etc & Articles","Chile","September 2022","89,892"
"8112 Beryllium,chromium,hafnium,rhenium Etc & Articles","Chile","November 2022","38,045"
"8112 Beryllium,chromium,hafnium,rhenium Etc & Articles","Chile","December 2022","2,891,000"
"8112 Beryllium,chromium,hafnium,rhenium Etc & Articles","Chile","January 2023","1,254,000"
"8112 Beryllium,chromium,hafnium,rhenium Etc & Articles","Chile","February 2023","3,704,360"
"8112 Beryllium,chromium,hafnium,rhenium Etc & Articles","Chile","March 2023","4,409,680"
"8112 Beryllium,chromium,hafnium,rhenium Etc & Articles","Chile","April 2023","1,328,400"
"8112 Beryllium,chromium,hafnium,rhenium Etc & Articles","Chile","May 2023","4,769,600"
"8112 Beryllium,chromium,hafnium,rhenium Etc & Articles","Chile","June 2023","1,757,800"
"8112 Beryllium,chromium,hafnium,rhenium Etc & Articles","Chile","July 2023","1,082,800"
"8112 Beryllium,chromium,hafnium,rhenium Etc & Articles","Chile","September 2023","2,802,800"
"8112 Beryllium,chromium,hafnium,rhenium Etc & Articles","Chile","October 2023","7,057,050"
"8112 Beryllium,chromium,hafnium,rhenium Etc & Articles","Chile","November 2023","2,473,350"
"8112 Beryllium,chromium,hafnium,rhenium Etc & Articles","Chile","December 2023","4,586,450"
"8112 Beryllium,chromium,hafnium,rhenium Etc & Articles","Chile","January 2024","1,479,720"
"8112 Beryllium,chromium,hafnium,rhenium Etc & Articles","Chile","February 2024","2,117,440"
"8112 Beryllium,chromium,hafnium,rhenium Etc & Articles","Chile","March 2024","499,840"
"8112 Beryllium,chromium,hafnium,rhenium Etc & Articles","Chile","April 2024","3,429,140"
"8112 Beryllium,chromium,hafnium,rhenium Etc & Articles","Chile","May 2024","1,478,380"
"8112 Beryllium,chromium,hafnium,rhenium Etc & Articles","Chile","June 2024","614,240"
"8112 Beryllium,chromium,hafnium,rhenium Etc & Articles","Chile","July 2024","81,752"
"8112 Beryllium,chromium,hafnium,rhenium Etc & Articles","Chile","August 2024","2,235,271"
"8112 Beryllium,chromium,hafnium,rhenium Etc & Articles","Chile","October 2024","3,071,075"
"8112 Beryllium,chromium,hafnium,rhenium Etc & Articles","Chile","November 2024","1,640,320"
"8112 Beryllium,chromium,hafnium,rhenium Etc & Articles","Chile","December 2024","1,798,428"
"8112 Beryllium,chromium,hafnium,rhenium Etc & Articles","Chile","January 2025","1,388,212"
"8112 Beryllium,chromium,hafnium,rhenium Etc & Articles","Chile","February 2025","1,487,640"
"8112 Beryllium,chromium,hafnium,rhenium Etc & Articles","Chile","March 2025","1,478,150"
"8112 Beryllium,chromium,hafnium,rhenium Etc & Articles","Chile","April 2025","9,987,948"
"8112 Beryllium,chromium,hafnium,rhenium Etc & Articles","Chile","May 2025","2,334,600"
"8112 Beryllium,chromium,hafnium,rhenium Etc & Articles","Chile","June 2025","8,698,943"
"8112 Beryllium,chromium,hafnium,rhenium Etc & Articles","Chile","July 2025","1,748,357"
"8112 Beryllium,chromium,hafnium,rhenium Etc & Articles","Chile","August 2025","5,396,171"
"8112 Beryllium,chromium,hafnium,rhenium Etc & Articles","Chile","September 2025","4,059,515"
"8112 Beryllium,chromium,hafnium,rhenium Etc & Articles","Chile","October 2025","293,111"
"8112 Beryllium,chromium,hafnium,rhenium Etc & Articles","Chile","November 2025","8,598,310"
"8112 Beryllium,chromium,hafnium,rhenium Etc & Articles","Chile","December 2025","7,314,714"
"8112 Beryllium,chromium,hafnium,rhenium Etc & Articles","Colombia","December 2014","69,147"
"8112 Beryllium,chromium,hafnium,rhenium Etc & Articles","Colombia","August 2025","40,100"
"8112 Beryllium,chromium,hafnium,rhenium Etc & Articles","Ecuador","April 2022","55,640"
"8112 Beryllium,chromium,hafnium,rhenium Etc & Articles","French Guiana","August 2019","31,551"
"8112 Beryllium,chromium,hafnium,rhenium Etc & Articles","Peru","October 2012","59,339"
"8112 Beryllium,chromium,hafnium,rhenium Etc & Articles","Peru","January 2013","79,680"
"8112 Beryllium,chromium,hafnium,rhenium Etc & Articles","Peru","February 2013","218,706"
"8112 Beryllium,chromium,hafnium,rhenium Etc & Articles","Peru","March 2013","78,061"
"8112 Beryllium,chromium,hafnium,rhenium Etc & Articles","Peru","May 2013","153,320"
"8112 Beryllium,chromium,hafnium,rhenium Etc & Articles","Peru","June 2013","65,158"
"8112 Beryllium,chromium,hafnium,rhenium Etc & Articles","Peru","August 2013","161,942"
"8112 Beryllium,chromium,hafnium,rhenium Etc & Articles","Peru","September 2013","355,986"
"8112 Beryllium,chromium,hafnium,rhenium Etc & Articles","Peru","October 2013","138,093"
"8112 Beryllium,chromium,hafnium,rhenium Etc & Articles","Peru","December 2013","137,373"
"8112 Beryllium,chromium,hafnium,rhenium Etc & Articles","Peru","January 2014","117,524"
"8112 Beryllium,chromium,hafnium,rhenium Etc & Articles","Peru","March 2014","42,932"
"8112 Beryllium,chromium,hafnium,rhenium Etc & Articles","Peru","May 2014","219,326"
"8112 Beryllium,chromium,hafnium,rhenium Etc & Articles","Peru","July 2014","334,506"
"8112 Beryllium,chromium,hafnium,rhenium Etc & Articles","Peru","August 2014","273,655"
"8112 Beryllium,chromium,hafnium,rhenium Etc & Articles","Peru","September 2014","353,784"
"8112 Beryllium,chromium,hafnium,rhenium Etc & Articles","Peru","October 2014","464,259"
"8112 Beryllium,chromium,hafnium,rhenium Etc & Articles","Peru","November 2014","525,171"
"8112 Beryllium,chromium,hafnium,rhenium Etc & Articles","Peru","December 2014","444,736"
"8112 Beryllium,chromium,hafnium,rhenium Etc & Articles","Peru","January 2015","333,170"
"8112 Beryllium,chromium,hafnium,rhenium Etc & Articles","Peru","February 2015","252,278"
"8112 Beryllium,chromium,hafnium,rhenium Etc & Articles","Peru","March 2015","80,963"
"8112 Beryllium,chromium,hafnium,rhenium Etc & Articles","Peru","May 2015","134,506"
"8112 Beryllium,chromium,hafnium,rhenium Etc & Articles","Peru","January 2021","402,310"
"8112 Beryllium,chromium,hafnium,rhenium Etc & Articles","Peru","November 2021","76,478"
"8112 Beryllium,chromium,hafnium,rhenium Etc & Articles","Peru","February 2022","60,723"
"8112 Beryllium,chromium,hafnium,rhenium Etc & Articles","Peru","September 2022","70,245"
"8112 Beryllium,chromium,hafnium,rhenium Etc & Articles","Peru","October 2023","48,850"
"8112 Beryllium,chromium,hafnium,rhenium Etc & Articles","Peru","January 2024","30,419"
"8112 Beryllium,chromium,hafnium,rhenium Etc & Articles","Peru","April 2025","32,966"
"8112 Beryllium,chromium,hafnium,rhenium Etc & Articles","Venezuela","October 2011","477,400"
"8112 Beryllium,chromium,hafnium,rhenium Etc & Articles","Venezuela","September 2016","6,898"
